sample	segments	stdev	mad	iqr	bivar
CL_seq	74	0.3369165	0.1496066	0.2021242	0.1709656
CL_acgh	137	0.2654224	0.2002867	0.2703339	0.2155450
CL_seq_flat	75	0.3970681	0.1304618	0.1761830	0.1526431
