sample	segments	stdev	mad	iqr	bivar
CL_seq	70	0.3375349	0.1507834	0.2030643	0.1725609
CL_acgh	146	0.2647541	0.2002448	0.2702585	0.2154886
