sample	segments	stdev	mad	iqr	bivar
CL_seq	70	0.3390749	0.1498784	0.2021877	0.1710004
CL_acgh	156	0.2643504	0.2000441	0.2699230	0.2152841
CL_seq_flat	68	0.3997951	0.1313702	0.1772171	0.1530431
