sample	segments	stdev	mad	iqr	bivar
CL_seq	64	0.3064354	0.1450316	0.1956859	0.1641148
CL_acgh	112	0.2668218	0.2018017	0.2722803	0.2169583
CL_seq_flat	66	0.4639603	0.1319336	0.1780780	0.1554789
