Cohort	Method	Spread95	TwoSD	Mean	Median	Low95	High95	MaxAbs	N
CL	CNVkit_pooled	0.30854	0.35037	0.070403	0.042494	-0.0072953	0.30125	1.9516	384
CL	CNVkit_paired	0.53568	0.24026	0.030706	0.032904	-0.1322	0.40348	1.3784	384
CL	CNVkit_no ref.	0.33912	0.31311	0.077212	0.051857	-0.009576	0.32955	1.6119	384
