File	Mean	Spread	Limit	Low95	Median	High95	MaxAbs	N
cl-cnvkit-pool.diffs.dat	0.070528	0.30952	0.34399	-0.0074923	0.042442	0.30202	1.9513	383
