Cohort	Method	Spread95	TwoSD	Mean	Median	Low95	High95	MaxAbs	N
CL	CNVkit_pooled	0.30952	0.35101	0.070528	0.042442	-0.0074923	0.30202	1.9513	383
CL	CNVkit_paired	0.56739	0.24767	0.029658	0.030141	-0.14546	0.42193	1.3813	383
CL	CNVkit_no ref.	0.34522	0.31474	0.074306	0.04876	-0.018656	0.32657	1.6379	383
