File	Mean	Spread	Limit	Low95	Median	High95	MaxAbs	N
cl-cnvkit-pool.diffs.dat	0.066973	0.29701	0.22462	-0.008235	0.04719	0.28878	1.4976	647
cl-cnvkit-flat.diffs.dat	0.069817	0.28854	0.21309	-0.018841	0.048634	0.2697	1.4827	647
